ìœ íŠœë²„,ë¶„ë¥˜ëª…,ë¶„ë¥˜ì£¼ì†Œ,ì»¨í…ì¸ ëª…,ì»¨í…ì¸ ì£¼ì†Œ
PONY,Uncovering by PONY,https://www.youtube.com/playlist?list=PLj6FeOwWCFCqvXEfKINxqqynlPu3flr2l,Uncovering by PONY X Dior (With subs) - ì–¸ì»¤ë²„ë§ by í¬ë‹ˆ X ë””ì˜¬,https://www.youtube.com/watch?v=c78mv_Etet8&amp;list=PLj6FeOwWCFCqvXEfKINxqqynlPu3flr2l&amp;index=1
PONY,Makeup Tutorials,https://www.youtube.com/playlist?list=PLj6FeOwWCFCqImX8j84M9uOAGhZ2PI-GS,[ë¹„ê³µê°œ ë™ì˜ìƒ],https://www.youtube.com/watch?v=I4bBUb_kjBc&amp;list=PLj6FeOwWCFCqImX8j84M9uOAGhZ2PI-GS&amp;index=1
PONY,Makeup Tutorials,https://www.youtube.com/playlist?list=PLj6FeOwWCFCqImX8j84M9uOAGhZ2PI-GS,[ë¹„ê³µê°œ ë™ì˜ìƒ],https://www.youtube.com/watch?v=zsGWfy95Hx8&amp;list=PLj6FeOwWCFCqImX8j84M9uOAGhZ2PI-GS&amp;index=2
PONY,Makeup Tutorials,https://www.youtube.com/playlist?list=PLj6FeOwWCFCqImX8j84M9uOAGhZ2PI-GS,Snapback Makeup â™¥(With subs) ìŠ¤ëƒ…ë°± ë©”ì´í¬ì—…,https://www.youtube.com/watch?v=p1rTXTIzxOA&amp;list=PLj6FeOwWCFCqImX8j84M9uOAGhZ2PI-GS&amp;index=3
PONY,Makeup Tutorials,https://www.youtube.com/playlist?list=PLj6FeOwWCFCqImX8j84M9uOAGhZ2PI-GS,Korean Makeup for Monolids (With subs) ì²­ìˆœ í™‘êº¼í’€ ë©”ì´í¬ì—…,https://www.youtube.com/watch?v=tq-IhEARm40&amp;list=PLj6FeOwWCFCqImX8j84M9uOAGhZ2PI-GS&amp;index=4
PONY,Makeup Tutorials,https://www.youtube.com/playlist?list=PLj6FeOwWCFCqImX8j84M9uOAGhZ2PI-GS,Instagram Makeup-Summer daily look (With subs) ì¸ìŠ¤íƒ€ ë©”ì´í¬ì—…-ì¸ë¨¸ ë°ì¼ë¦¬ ë£©,https://www.youtube.com/watch?v=k1-Kj6Y8YjQ&amp;list=PLj6FeOwWCFCqImX8j84M9uOAGhZ2PI-GS&amp;index=5
PONY,Makeup Tutorials,https://www.youtube.com/playlist?list=PLj6FeOwWCFCqImX8j84M9uOAGhZ2PI-GS,Instagram Makeup-Sexy lashes look (With subs) ì¸ìŠ¤íƒ€ ë©”ì´í¬ì—…-ì„¹ì‹œ ë˜ì‰¬ ë£©,https://www.youtube.com/watch?v=ja_DflYDg3c&amp;list=PLj6FeOwWCFCqImX8j84M9uOAGhZ2PI-GS&amp;index=6
PONY,Makeup Tutorials,https://www.youtube.com/playlist?list=PLj6FeOwWCFCqImX8j84M9uOAGhZ2PI-GS,Grey purple makeup for fall (With subs) íšŒë³´ë¼ë¹› ê°€ì„ ë©”ì´í¬ì—…,https://www.youtube.com/watch?v=IN0Hko3WSY0&amp;list=PLj6FeOwWCFCqImX8j84M9uOAGhZ2PI-GS&amp;index=7
PONY,Makeup Tutorials,https://www.youtube.com/playlist?list=PLj6FeOwWCFCqImX8j84M9uOAGhZ2PI-GS,Girlish Pink Make up (With subs) ì†Œë…€ í•‘í¬ ë©”ì´í¬ì—…,https://www.youtube.com/watch?v=vnoQ5lkBVhU&amp;list=PLj6FeOwWCFCqImX8j84M9uOAGhZ2PI-GS&amp;index=8
PONY,Makeup Tutorials,https://www.youtube.com/playlist?list=PLj6FeOwWCFCqImX8j84M9uOAGhZ2PI-GS,Dewy Khaki Makeup (With subs) ì´‰ì´‰ ì¹´í‚¤ ë©”ì´í¬ì—…,https://www.youtube.com/watch?v=wZ32U2Vnd2A&amp;list=PLj6FeOwWCFCqImX8j84M9uOAGhZ2PI-GS&amp;index=9
PONY,Makeup Tutorials,https://www.youtube.com/playlist?list=PLj6FeOwWCFCqImX8j84M9uOAGhZ2PI-GS,Clear Rose Color Make up (With subs) ë§‘ì€ ë ˆë“œ ë©”ì´í¬ì—…,https://www.youtube.com/watch?v=WxkVZxWjxKo&amp;list=PLj6FeOwWCFCqImX8j84M9uOAGhZ2PI-GS&amp;index=10
PONY,Makeup Tutorials,https://www.youtube.com/playlist?list=PLj6FeOwWCFCqImX8j84M9uOAGhZ2PI-GS,[ë¹„ê³µê°œ ë™ì˜ìƒ],https://www.youtube.com/watch?v=Swiw2nG5zTQ&amp;list=PLj6FeOwWCFCqImX8j84M9uOAGhZ2PI-GS&amp;index=11
PONY,Makeup Tutorials,https://www.youtube.com/playlist?list=PLj6FeOwWCFCqImX8j84M9uOAGhZ2PI-GS,Matte Mauve Smoky MakeupÂ (With subs) ë§¤íŠ¸ ëª¨ìš°ë¸Œ ìŠ¤ëª¨í‚¤ ë©”ì´í¬ì—…,https://www.youtube.com/watch?v=ZryhViOvQF0&amp;list=PLj6FeOwWCFCqImX8j84M9uOAGhZ2PI-GS&amp;index=12
PONY,Makeup Tutorials,https://www.youtube.com/playlist?list=PLj6FeOwWCFCqImX8j84M9uOAGhZ2PI-GS,Simple MakeupÂ for ClassÂ (With subs) ì‹¬í”ŒÂ ê°œê°•Â ë©”ì´í¬ì—…,https://www.youtube.com/watch?v=eHg7iIpEwUo&amp;list=PLj6FeOwWCFCqImX8j84M9uOAGhZ2PI-GS&amp;index=13
PONY,Makeup Tutorials,https://www.youtube.com/playlist?list=PLj6FeOwWCFCqImX8j84M9uOAGhZ2PI-GS,Sims Transformation Makeup (With subs) ì‹¬ì¦ˆÂ ì»¤ë²„Â ë©”ì´í¬ì—…,https://www.youtube.com/watch?v=Kwy5tyvT3YE&amp;list=PLj6FeOwWCFCqImX8j84M9uOAGhZ2PI-GS&amp;index=14
PONY,Makeup Tutorials,https://www.youtube.com/playlist?list=PLj6FeOwWCFCqImX8j84M9uOAGhZ2PI-GS,Soft Feminine Make up (With subs) í˜ë¯¸ë‹Œ ìŒì˜ ë©”ì´í¬ì—…,https://www.youtube.com/watch?v=pdrn6-4sfiA&amp;list=PLj6FeOwWCFCqImX8j84M9uOAGhZ2PI-GS&amp;index=15
PONY,Makeup Tutorials,https://www.youtube.com/playlist?list=PLj6FeOwWCFCqImX8j84M9uOAGhZ2PI-GS,Gorgeous Mahogany Makeup (With subs) ê³ ì ¸ìŠ¤ ë§ˆí˜¸ê°€ë‹ˆ ë©”ì´í¬ì—…,https://www.youtube.com/watch?v=8eE881qV0Uk&amp;list=PLj6FeOwWCFCqImX8j84M9uOAGhZ2PI-GS&amp;index=16
PONY,Makeup Tutorials,https://www.youtube.com/playlist?list=PLj6FeOwWCFCqImX8j84M9uOAGhZ2PI-GS,[ë¹„ê³µê°œ ë™ì˜ìƒ],https://www.youtube.com/watch?v=Qo_w5Lc6nys&amp;list=PLj6FeOwWCFCqImX8j84M9uOAGhZ2PI-GS&amp;index=17
PONY,Makeup Tutorials,https://www.youtube.com/playlist?list=PLj6FeOwWCFCqImX8j84M9uOAGhZ2PI-GS,Dreamy Spring Makeup (With subs) ëª½í™˜Â ë´„Â ë©”ì´í¬ì—…,https://www.youtube.com/watch?v=Qr4GF2vSrCQ&amp;list=PLj6FeOwWCFCqImX8j84M9uOAGhZ2PI-GS&amp;index=18
PONY,Makeup Tutorials,https://www.youtube.com/playlist?list=PLj6FeOwWCFCqImX8j84M9uOAGhZ2PI-GS,Singapore Trip â€˜get ready with meâ€™! (With subs) ì‹±ê°€í´ ì¶œì¥ ê²Ÿë ˆë””ìœ—ë¯¸!,https://www.youtube.com/watch?v=72ClsmFzWWo&amp;list=PLj6FeOwWCFCqImX8j84M9uOAGhZ2PI-GS&amp;index=19
PONY,Makeup Tutorials,https://www.youtube.com/playlist?list=PLj6FeOwWCFCqImX8j84M9uOAGhZ2PI-GS,Shanghai Trip â€˜get ready with meâ€™ (With subs) ì¤‘êµ­ ìƒí•´ ì¶œì¥ ê²Ÿë ˆë””ìœ—ë¯¸! GRWM,https://www.youtube.com/watch?v=Gqa9svhOHCo&amp;list=PLj6FeOwWCFCqImX8j84M9uOAGhZ2PI-GS&amp;index=20
PONY,Makeup Tutorials,https://www.youtube.com/playlist?list=PLj6FeOwWCFCqImX8j84M9uOAGhZ2PI-GS,Instagram Make up (With subs) Singapore Trip Makeup Tutorial ì¸ìŠ¤íƒ€ ë©”ì´í¬ì—…-ì‹±ê°€í´ ì¶œì¥ ë©”ì´í¬ì—…,https://www.youtube.com/watch?v=bNYNbGKGcbw&amp;list=PLj6FeOwWCFCqImX8j84M9uOAGhZ2PI-GS&amp;index=21
PONY,Makeup Tutorials,https://www.youtube.com/playlist?list=PLj6FeOwWCFCqImX8j84M9uOAGhZ2PI-GS,Taylor swift transformation make up (With subs) í…Œì¼ëŸ¬ ìŠ¤ìœ„í”„íŠ¸ ì»¤ë²„ ë©”ì´í¬ì—…,https://www.youtube.com/watch?v=x9EF-r4LMUI&amp;list=PLj6FeOwWCFCqImX8j84M9uOAGhZ2PI-GS&amp;index=22
PONY,Makeup Tutorials,https://www.youtube.com/playlist?list=PLj6FeOwWCFCqImX8j84M9uOAGhZ2PI-GS,Apricot Make UpğŸ‘ (With subs) ì‚´êµ¬ ë©”ì´í¬ì—…,https://www.youtube.com/watch?v=AvK3g2Va-2c&amp;list=PLj6FeOwWCFCqImX8j84M9uOAGhZ2PI-GS&amp;index=23
PONY,Makeup Tutorials,https://www.youtube.com/playlist?list=PLj6FeOwWCFCqImX8j84M9uOAGhZ2PI-GS,Natural Make up (With subs) ë‚´ì¶”ëŸ´ ë©”ì´í¬ì—…,https://www.youtube.com/watch?v=tRUGnDVnI60&amp;list=PLj6FeOwWCFCqImX8j84M9uOAGhZ2PI-GS&amp;index=24
PONY,Makeup Tutorials,https://www.youtube.com/playlist?list=PLj6FeOwWCFCqImX8j84M9uOAGhZ2PI-GS,Kylie Jenner Transformation Make-up (With sub) ì¹´ì¼ë¦¬ ì œë„ˆ ì»¤ë²„ ë©”ì´í¬ì—…,https://www.youtube.com/watch?v=dqOsYjKtrZI&amp;list=PLj6FeOwWCFCqImX8j84M9uOAGhZ2PI-GS&amp;index=25
PONY,Makeup Tutorials,https://www.youtube.com/playlist?list=PLj6FeOwWCFCqImX8j84M9uOAGhZ2PI-GS,Burgundy Make Up (With subs) ë²„ê±´ë”” ë©”ì´í¬ì—…,https://www.youtube.com/watch?v=Z4y93CqsYbk&amp;list=PLj6FeOwWCFCqImX8j84M9uOAGhZ2PI-GS&amp;index=26
PONY,Makeup Tutorials,https://www.youtube.com/playlist?list=PLj6FeOwWCFCqImX8j84M9uOAGhZ2PI-GS,Tokyo Trip GRWM (With subs) í‚¤ë¼í‚¤ë¼ ì´ê°€ë¦¬ ë©”ì´í¬ì—… (ìˆ™ì·¨ë©”ì´í¬ì—…),https://www.youtube.com/watch?v=VM9_5yI4mfQ&amp;list=PLj6FeOwWCFCqImX8j84M9uOAGhZ2PI-GS&amp;index=27
PONY,Makeup Tutorials,https://www.youtube.com/playlist?list=PLj6FeOwWCFCqImX8j84M9uOAGhZ2PI-GS,Instagram Makeup - Purple Lip Makeup (With subs) ì¸ìŠ¤íƒ€ ë©”ì´í¬ì—… - í¼í”Œ ë¦½ ë©”ì´í¬ì—…,https://www.youtube.com/watch?v=xYAXq8Z1tfE&amp;list=PLj6FeOwWCFCqImX8j84M9uOAGhZ2PI-GS&amp;index=28
PONY,Makeup Tutorials,https://www.youtube.com/playlist?list=PLj6FeOwWCFCqImX8j84M9uOAGhZ2PI-GS,Instagram Makeup â€“ Christmas Makeup (With.subs) ì¸ìŠ¤íƒ€Â ë©”ì´í¬ì—…Â -Â í¬ë¦¬ìŠ¤ë§ˆìŠ¤Â ë©”ì´í¬ì—…,https://www.youtube.com/watch?v=1nkfclSzYEk&amp;list=PLj6FeOwWCFCqImX8j84M9uOAGhZ2PI-GS&amp;index=29
PONY,Makeup Tutorials,https://www.youtube.com/playlist?list=PLj6FeOwWCFCqImX8j84M9uOAGhZ2PI-GS,Instagram Makeup - Snowflake Makeup (With subs) ì¸ìŠ¤íƒ€ ë©”ì´í¬ì—… - ëˆˆê½ƒ ë©”ì´í¬ì—…,https://www.youtube.com/watch?v=lbDalERJ2Os&amp;list=PLj6FeOwWCFCqImX8j84M9uOAGhZ2PI-GS&amp;index=30
PONY,Makeup Tutorials,https://www.youtube.com/playlist?list=PLj6FeOwWCFCqImX8j84M9uOAGhZ2PI-GS,Makeup for the Gym (With subs) í—¬ìŠ¤ì¥ ë©”ì´í¬ì—…,https://www.youtube.com/watch?v=hOxlj8SCrTo&amp;list=PLj6FeOwWCFCqImX8j84M9uOAGhZ2PI-GS&amp;index=31
PONY,Makeup Tutorials,https://www.youtube.com/playlist?list=PLj6FeOwWCFCqImX8j84M9uOAGhZ2PI-GS,Instagram Makeup - Paris Red Lip Makeup (With subs) ì¸ìŠ¤íƒ€ ë©”ì´í¬ì—… - íŒŒë¦¬ ë ˆë“œ ë¦½ ë©”ì´í¬ì—…,https://www.youtube.com/watch?v=IMtu6l-gXTA&amp;list=PLj6FeOwWCFCqImX8j84M9uOAGhZ2PI-GS&amp;index=32
PONY,Instagram Makeup,https://www.youtube.com/playlist?list=PLj6FeOwWCFCqD4DsukLV9Q0MBWf74Bs_j,Instagram Makeup-Summer daily look (With subs) ì¸ìŠ¤íƒ€ ë©”ì´í¬ì—…-ì¸ë¨¸ ë°ì¼ë¦¬ ë£©,https://www.youtube.com/watch?v=k1-Kj6Y8YjQ&amp;list=PLj6FeOwWCFCqD4DsukLV9Q0MBWf74Bs_j&amp;index=1
PONY,Instagram Makeup,https://www.youtube.com/playlist?list=PLj6FeOwWCFCqD4DsukLV9Q0MBWf74Bs_j,Instagram Makeup-Sexy lashes look (With subs) ì¸ìŠ¤íƒ€ ë©”ì´í¬ì—…-ì„¹ì‹œ ë˜ì‰¬ ë£©,https://www.youtube.com/watch?v=ja_DflYDg3c&amp;list=PLj6FeOwWCFCqD4DsukLV9Q0MBWf74Bs_j&amp;index=2
PONY,Instagram Makeup,https://www.youtube.com/playlist?list=PLj6FeOwWCFCqD4DsukLV9Q0MBWf74Bs_j,Shanghai Trip â€˜get ready with meâ€™ (With subs) ì¤‘êµ­ ìƒí•´ ì¶œì¥ ê²Ÿë ˆë””ìœ—ë¯¸! GRWM,https://www.youtube.com/watch?v=Gqa9svhOHCo&amp;list=PLj6FeOwWCFCqD4DsukLV9Q0MBWf74Bs_j&amp;index=3
PONY,Instagram Makeup,https://www.youtube.com/playlist?list=PLj6FeOwWCFCqD4DsukLV9Q0MBWf74Bs_j,Instagram Make up (With subs) Singapore Trip Makeup Tutorial ì¸ìŠ¤íƒ€ ë©”ì´í¬ì—…-ì‹±ê°€í´ ì¶œì¥ ë©”ì´í¬ì—…,https://www.youtube.com/watch?v=bNYNbGKGcbw&amp;list=PLj6FeOwWCFCqD4DsukLV9Q0MBWf74Bs_j&amp;index=4
PONY,Instagram Makeup,https://www.youtube.com/playlist?list=PLj6FeOwWCFCqD4DsukLV9Q0MBWf74Bs_j,Taylor swift transformation make up (With subs) í…Œì¼ëŸ¬ ìŠ¤ìœ„í”„íŠ¸ ì»¤ë²„ ë©”ì´í¬ì—…,https://www.youtube.com/watch?v=x9EF-r4LMUI&amp;list=PLj6FeOwWCFCqD4DsukLV9Q0MBWf74Bs_j&amp;index=5
PONY,Instagram Makeup,https://www.youtube.com/playlist?list=PLj6FeOwWCFCqD4DsukLV9Q0MBWf74Bs_j,Apricot Make UpğŸ‘ (With subs) ì‚´êµ¬ ë©”ì´í¬ì—…,https://www.youtube.com/watch?v=AvK3g2Va-2c&amp;list=PLj6FeOwWCFCqD4DsukLV9Q0MBWf74Bs_j&amp;index=6
PONY,Instagram Makeup,https://www.youtube.com/playlist?list=PLj6FeOwWCFCqD4DsukLV9Q0MBWf74Bs_j,Natural Make up (With subs) ë‚´ì¶”ëŸ´ ë©”ì´í¬ì—…,https://www.youtube.com/watch?v=tRUGnDVnI60&amp;list=PLj6FeOwWCFCqD4DsukLV9Q0MBWf74Bs_j&amp;index=7
PONY,Instagram Makeup,https://www.youtube.com/playlist?list=PLj6FeOwWCFCqD4DsukLV9Q0MBWf74Bs_j,Burgundy Make Up (With subs) ë²„ê±´ë”” ë©”ì´í¬ì—…,https://www.youtube.com/watch?v=Z4y93CqsYbk&amp;list=PLj6FeOwWCFCqD4DsukLV9Q0MBWf74Bs_j&amp;index=8
PONY,Instagram Makeup,https://www.youtube.com/playlist?list=PLj6FeOwWCFCqD4DsukLV9Q0MBWf74Bs_j,Tokyo Trip GRWM (With subs) í‚¤ë¼í‚¤ë¼ ì´ê°€ë¦¬ ë©”ì´í¬ì—… (ìˆ™ì·¨ë©”ì´í¬ì—…),https://www.youtube.com/watch?v=VM9_5yI4mfQ&amp;list=PLj6FeOwWCFCqD4DsukLV9Q0MBWf74Bs_j&amp;index=9
PONY,Instagram Makeup,https://www.youtube.com/playlist?list=PLj6FeOwWCFCqD4DsukLV9Q0MBWf74Bs_j,Instagram Makeup - Purple Lip Makeup (With subs) ì¸ìŠ¤íƒ€ ë©”ì´í¬ì—… - í¼í”Œ ë¦½ ë©”ì´í¬ì—…,https://www.youtube.com/watch?v=xYAXq8Z1tfE&amp;list=PLj6FeOwWCFCqD4DsukLV9Q0MBWf74Bs_j&amp;index=10
PONY,Instagram Makeup,https://www.youtube.com/playlist?list=PLj6FeOwWCFCqD4DsukLV9Q0MBWf74Bs_j,Instagram Makeup â€“ Christmas Makeup (With.subs) ì¸ìŠ¤íƒ€Â ë©”ì´í¬ì—…Â -Â í¬ë¦¬ìŠ¤ë§ˆìŠ¤Â ë©”ì´í¬ì—…,https://www.youtube.com/watch?v=1nkfclSzYEk&amp;list=PLj6FeOwWCFCqD4DsukLV9Q0MBWf74Bs_j&amp;index=11
PONY,Instagram Makeup,https://www.youtube.com/playlist?list=PLj6FeOwWCFCqD4DsukLV9Q0MBWf74Bs_j,Instagram Makeup - Snowflake Makeup (With subs) ì¸ìŠ¤íƒ€ ë©”ì´í¬ì—… - ëˆˆê½ƒ ë©”ì´í¬ì—…,https://www.youtube.com/watch?v=lbDalERJ2Os&amp;list=PLj6FeOwWCFCqD4DsukLV9Q0MBWf74Bs_j&amp;index=12
PONY,Instagram Makeup,https://www.youtube.com/playlist?list=PLj6FeOwWCFCqD4DsukLV9Q0MBWf74Bs_j,Instagram Makeup - Paris Red Lip Makeup (With subs) ì¸ìŠ¤íƒ€ ë©”ì´í¬ì—… - íŒŒë¦¬ ë ˆë“œ ë¦½ ë©”ì´í¬ì—…,https://www.youtube.com/watch?v=IMtu6l-gXTA&amp;list=PLj6FeOwWCFCqD4DsukLV9Q0MBWf74Bs_j&amp;index=13
PONY,Get Ready With Me!,https://www.youtube.com/playlist?list=PLj6FeOwWCFCouYXKJ1yD7FYqXznpQveQP,Instagram Make up (With subs) Singapore Trip Makeup Tutorial ì¸ìŠ¤íƒ€ ë©”ì´í¬ì—…-ì‹±ê°€í´ ì¶œì¥ ë©”ì´í¬ì—…,https://www.youtube.com/watch?v=bNYNbGKGcbw&amp;list=PLj6FeOwWCFCouYXKJ1yD7FYqXznpQveQP&amp;index=1
PONY,Get Ready With Me!,https://www.youtube.com/playlist?list=PLj6FeOwWCFCouYXKJ1yD7FYqXznpQveQP,China Trip Makeup Tutorial (With subs) Â ì¤‘êµ­ ì¶œì¥ ë©”ì´í¬ì—…,https://www.youtube.com/watch?v=aX82NyAMbV4&amp;list=PLj6FeOwWCFCouYXKJ1yD7FYqXznpQveQP&amp;index=2
PONY,Get Ready With Me!,https://www.youtube.com/playlist?list=PLj6FeOwWCFCouYXKJ1yD7FYqXznpQveQP,Singapore Trip â€˜get ready with meâ€™! (With subs) ì‹±ê°€í´ ì¶œì¥ ê²Ÿë ˆë””ìœ—ë¯¸!,https://www.youtube.com/watch?v=72ClsmFzWWo&amp;list=PLj6FeOwWCFCouYXKJ1yD7FYqXznpQveQP&amp;index=3
PONY,Get Ready With Me!,https://www.youtube.com/playlist?list=PLj6FeOwWCFCouYXKJ1yD7FYqXznpQveQP,Shanghai Trip â€˜get ready with meâ€™ (With subs) ì¤‘êµ­ ìƒí•´ ì¶œì¥ ê²Ÿë ˆë””ìœ—ë¯¸! GRWM,https://www.youtube.com/watch?v=Gqa9svhOHCo&amp;list=PLj6FeOwWCFCouYXKJ1yD7FYqXznpQveQP&amp;index=4
PONY,Get Ready With Me!,https://www.youtube.com/playlist?list=PLj6FeOwWCFCouYXKJ1yD7FYqXznpQveQP,Apricot Make UpğŸ‘ (With subs) ì‚´êµ¬ ë©”ì´í¬ì—…,https://www.youtube.com/watch?v=AvK3g2Va-2c&amp;list=PLj6FeOwWCFCouYXKJ1yD7FYqXznpQveQP&amp;index=5
PONY,Get Ready With Me!,https://www.youtube.com/playlist?list=PLj6FeOwWCFCouYXKJ1yD7FYqXznpQveQP,Natural Make up (With subs) ë‚´ì¶”ëŸ´ ë©”ì´í¬ì—…,https://www.youtube.com/watch?v=tRUGnDVnI60&amp;list=PLj6FeOwWCFCouYXKJ1yD7FYqXznpQveQP&amp;index=6
PONY,Get Ready With Me!,https://www.youtube.com/playlist?list=PLj6FeOwWCFCouYXKJ1yD7FYqXznpQveQP,Tokyo Trip GRWM (With subs) í‚¤ë¼í‚¤ë¼ ì´ê°€ë¦¬ ë©”ì´í¬ì—… (ìˆ™ì·¨ë©”ì´í¬ì—…),https://www.youtube.com/watch?v=VM9_5yI4mfQ&amp;list=PLj6FeOwWCFCouYXKJ1yD7FYqXznpQveQP&amp;index=7
PONY,Get Ready With Me!,https://www.youtube.com/playlist?list=PLj6FeOwWCFCouYXKJ1yD7FYqXznpQveQP,Makeup for the Gym (With subs) í—¬ìŠ¤ì¥ ë©”ì´í¬ì—…,https://www.youtube.com/watch?v=hOxlj8SCrTo&amp;list=PLj6FeOwWCFCouYXKJ1yD7FYqXznpQveQP&amp;index=8
PONY,PONY The Globetrotter,https://www.youtube.com/playlist?list=PLj6FeOwWCFCpPVT0Ib_Y21LGG-vwY5VFL,PONY THE GLOBETROTTER (With subs) - PARIS #1 í¬ë‹ˆ ë”  ê¸€ë¡œë¸Œ íŠ¸ë¡¯í„° - íŒŒë¦¬ í¸,https://www.youtube.com/watch?v=2WwGuDuriXs&amp;index=1&amp;list=PLj6FeOwWCFCpPVT0Ib_Y21LGG-vwY5VFL
PONY,PONY The Globetrotter,https://www.youtube.com/playlist?list=PLj6FeOwWCFCpPVT0Ib_Y21LGG-vwY5VFL,PONY THE GLOBETROTTER (With subs) - PARIS #2 í¬ë‹ˆ ë” ê¸€ë¡œë¸Œ íŠ¸ë¡¯í„° - íŒŒë¦¬ í¸,https://www.youtube.com/watch?v=crp9rt9mbjE&amp;index=2&amp;list=PLj6FeOwWCFCpPVT0Ib_Y21LGG-vwY5VFL
PONY,Hello!,https://www.youtube.com/playlist?list=PLj6FeOwWCFCp5B0L8405p8SmFhRU02hv9,[ë¹„ê³µê°œ ë™ì˜ìƒ],https://www.youtube.com/watch?v=IV6TTHPpEk8&amp;list=PLj6FeOwWCFCp5B0L8405p8SmFhRU02hv9&amp;index=1
PONY,Hello!,https://www.youtube.com/playlist?list=PLj6FeOwWCFCp5B0L8405p8SmFhRU02hv9,[ë¹„ê³µê°œ ë™ì˜ìƒ],https://www.youtube.com/watch?v=3DlecB1z3dY&amp;list=PLj6FeOwWCFCp5B0L8405p8SmFhRU02hv9&amp;index=2
PONY,Tour,https://www.youtube.com/playlist?list=PLj6FeOwWCFCoUFAZ5py3_76OoAYg851FZ,[ë¹„ê³µê°œ ë™ì˜ìƒ],https://www.youtube.com/watch?v=Mz7xAVWZ9Zw&amp;index=1&amp;list=PLj6FeOwWCFCoUFAZ5py3_76OoAYg851FZ
PONY,Tour,https://www.youtube.com/playlist?list=PLj6FeOwWCFCoUFAZ5py3_76OoAYg851FZ,My Singapore Trip Pouch (With subs) ì‹±ê°€í´ ì¶œì¥ íŒŒìš°ì¹˜ ì†Œê°œ,https://www.youtube.com/watch?v=6j9HD6O8dhE&amp;index=2&amp;list=PLj6FeOwWCFCoUFAZ5py3_76OoAYg851FZ
PONY,Tour,https://www.youtube.com/playlist?list=PLj6FeOwWCFCoUFAZ5py3_76OoAYg851FZ,Singapore Trip â€˜get ready with meâ€™! (With subs) ì‹±ê°€í´ ì¶œì¥ ê²Ÿë ˆë””ìœ—ë¯¸!,https://www.youtube.com/watch?v=72ClsmFzWWo&amp;index=3&amp;list=PLj6FeOwWCFCoUFAZ5py3_76OoAYg851FZ
PONY,Tour,https://www.youtube.com/playlist?list=PLj6FeOwWCFCoUFAZ5py3_76OoAYg851FZ,Shanghai Trip â€˜get ready with meâ€™ (With subs) ì¤‘êµ­ ìƒí•´ ì¶œì¥ ê²Ÿë ˆë””ìœ—ë¯¸! GRWM,https://www.youtube.com/watch?v=Gqa9svhOHCo&amp;index=4&amp;list=PLj6FeOwWCFCoUFAZ5py3_76OoAYg851FZ
PONY,Tour,https://www.youtube.com/playlist?list=PLj6FeOwWCFCoUFAZ5py3_76OoAYg851FZ,Instagram Make up (With subs) Singapore Trip Makeup Tutorial ì¸ìŠ¤íƒ€ ë©”ì´í¬ì—…-ì‹±ê°€í´ ì¶œì¥ ë©”ì´í¬ì—…,https://www.youtube.com/watch?v=bNYNbGKGcbw&amp;index=5&amp;list=PLj6FeOwWCFCoUFAZ5py3_76OoAYg851FZ
PONY,Tour,https://www.youtube.com/playlist?list=PLj6FeOwWCFCoUFAZ5py3_76OoAYg851FZ,Tokyo Trip GRWM (With subs) í‚¤ë¼í‚¤ë¼ ì´ê°€ë¦¬ ë©”ì´í¬ì—… (ìˆ™ì·¨ë©”ì´í¬ì—…),https://www.youtube.com/watch?v=VM9_5yI4mfQ&amp;index=6&amp;list=PLj6FeOwWCFCoUFAZ5py3_76OoAYg851FZ
PONY,Transformation,https://www.youtube.com/playlist?list=PLj6FeOwWCFCoMfigDJ90CwV6lZN49YLFK,Sims Transformation Makeup (With subs) ì‹¬ì¦ˆÂ ì»¤ë²„Â ë©”ì´í¬ì—…,https://www.youtube.com/watch?v=Kwy5tyvT3YE&amp;list=PLj6FeOwWCFCoMfigDJ90CwV6lZN49YLFK&amp;index=1
PONY,Transformation,https://www.youtube.com/playlist?list=PLj6FeOwWCFCoMfigDJ90CwV6lZN49YLFK,Taylor swift transformation make up (With subs) í…Œì¼ëŸ¬ ìŠ¤ìœ„í”„íŠ¸ ì»¤ë²„ ë©”ì´í¬ì—…,https://www.youtube.com/watch?v=x9EF-r4LMUI&amp;list=PLj6FeOwWCFCoMfigDJ90CwV6lZN49YLFK&amp;index=2
PONY,Transformation,https://www.youtube.com/playlist?list=PLj6FeOwWCFCoMfigDJ90CwV6lZN49YLFK,Kylie Jenner Transformation Make-up (With sub) ì¹´ì¼ë¦¬ ì œë„ˆ ì»¤ë²„ ë©”ì´í¬ì—…,https://www.youtube.com/watch?v=dqOsYjKtrZI&amp;list=PLj6FeOwWCFCoMfigDJ90CwV6lZN49YLFK&amp;index=3
PONY,Shopping,https://www.youtube.com/playlist?list=PLj6FeOwWCFCpVudC8Pyqtid1jA70W0lgr,"Shopping ""it"" beauty items of Korea with DAS (With subs) í•œêµ­ ë¡œë“œìƒµ ì‡ ë·°í‹° ì•„ì´í…œ ì‡¼í•‘!",https://www.youtube.com/watch?v=51Z8yTq0Bsk&amp;list=PLj6FeOwWCFCpVudC8Pyqtid1jA70W0lgr&amp;index=1
PONY,Shopping,https://www.youtube.com/playlist?list=PLj6FeOwWCFCpVudC8Pyqtid1jA70W0lgr,ìŒì•…ì˜ ê³ ì–‘ì´ëŠ” ìƒˆë¼ ê³ ì–‘ì´ íœ´ì‹ê³¼ ë”ìš´ ë‚ ì”¨ì— ì ì„ ë„ì›€,https://www.youtube.com/watch?v=ocRz7uNtCE8&amp;list=PLj6FeOwWCFCpVudC8Pyqtid1jA70W0lgr&amp;index=2
PONY,Q&A Special,https://www.youtube.com/playlist?list=PLj6FeOwWCFCoA-SmEjsQvP87NQkAr1Bmp,Q &amp; A Special (With subs) ëŒ“ê¸€íŠ¹ì§‘,https://www.youtube.com/watch?v=QyRvxhNNTTo&amp;index=1&amp;list=PLj6FeOwWCFCoA-SmEjsQvP87NQkAr1Bmp
PONY,Haul,https://www.youtube.com/playlist?list=PLj6FeOwWCFCqBvt8oyUmwZuZxP8Fc59tK,Korean Standalone Store Haul (With subs) í•œêµ­ ë¡œë“œìƒµ ì œí’ˆ í•˜ìš¸!,https://www.youtube.com/watch?v=AKLSJeTdcm8&amp;index=1&amp;list=PLj6FeOwWCFCqBvt8oyUmwZuZxP8Fc59tK
